{
    "plddt": 63.49921417236328,
    "gpde": 1.140820860862732,
    "ptm": 0.3861526846885681,
    "iptm": 0.25218334794044495,
    "chain_gpde": [
        1.018309235572815,
        0.6415807008743286
    ],
    "chain_pair_gpde": [
        [
            0.0,
            3.5332155227661133
        ],
        [
            3.5332155227661133,
            0.0
        ]
    ],
    "chain_ptm": [
        0.43123888969421387,
        0.5783150792121887
    ],
    "chain_iptm": [
        0.25218334794044495,
        0.25218334794044495
    ],
    "chain_pair_iptm": [
        [
            0.0,
            0.25218334794044495
        ],
        [
            0.25218334794044495,
            0.0
        ]
    ],
    "chain_pair_iptm_global": [
        [
            0.0,
            0.25218334794044495
        ],
        [
            0.25218334794044495,
            0.0
        ]
    ],
    "chain_plddt": [
        0.6578059196472168,
        0.35984379053115845
    ],
    "chain_pair_plddt": [
        [
            0.0,
            0.6349921226501465
        ],
        [
            0.6349921226501465,
            0.0
        ]
    ],
    "has_clash": false,
    "disorder": 0.0,
    "ranking_score": 0.2789772152900696,
    "num_recycles": 4
}