{
    "plddt": 54.08806610107422,
    "gpde": 1.4008606672286987,
    "ptm": 0.3052924573421478,
    "iptm": 0.11688075214624405,
    "chain_gpde": [
        1.4896597862243652,
        0.6830106973648071
    ],
    "chain_pair_gpde": [
        [
            0.0,
            6.59210729598999
        ],
        [
            6.59210729598999,
            0.0
        ]
    ],
    "chain_ptm": [
        0.35865357518196106,
        0.520725667476654
    ],
    "chain_iptm": [
        0.11688075214624405,
        0.11688075214624405
    ],
    "chain_pair_iptm": [
        [
            0.0,
            0.11688075214624405
        ],
        [
            0.11688075214624405,
            0.0
        ]
    ],
    "chain_pair_iptm_global": [
        [
            0.0,
            0.11688075214624405
        ],
        [
            0.11688075214624405,
            0.0
        ]
    ],
    "chain_plddt": [
        0.5623856782913208,
        0.26478421688079834
    ],
    "chain_pair_plddt": [
        [
            0.0,
            0.5408806800842285
        ],
        [
            0.5408806800842285,
            0.0
        ]
    ],
    "has_clash": false,
    "disorder": 0.0,
    "ranking_score": 0.15456309914588928,
    "num_recycles": 4
}