{
    "plddt": 77.94969940185547,
    "gpde": 2.832895278930664,
    "ptm": 0.3701251149177551,
    "iptm": 0.2777327299118042,
    "chain_gpde": [
        2.675050735473633,
        1.3475196361541748
    ],
    "chain_pair_gpde": [
        [
            0.0,
            5.605258464813232
        ],
        [
            5.605258464813232,
            0.0
        ]
    ],
    "chain_ptm": [
        0.18485356867313385,
        0.44675859808921814
    ],
    "chain_iptm": [
        0.2777327299118042,
        0.2777327299118042
    ],
    "chain_pair_iptm": [
        [
            0.0,
            0.2777327299118042
        ],
        [
            0.2777327299118042,
            0.0
        ]
    ],
    "chain_pair_iptm_global": [
        [
            0.0,
            0.2777327299118042
        ],
        [
            0.2777327299118042,
            0.0
        ]
    ],
    "chain_plddt": [
        0.7704800367355347,
        0.7942140698432922
    ],
    "chain_pair_plddt": [
        [
            0.0,
            0.7794970273971558
        ],
        [
            0.7794970273971558,
            0.0
        ]
    ],
    "has_clash": false,
    "disorder": 0.0,
    "ranking_score": 0.29621121287345886,
    "num_recycles": 10
}