{
    "plddt": 52.5139274597168,
    "gpde": 1.7417807579040527,
    "ptm": 0.421387255191803,
    "iptm": 0.2031792253255844,
    "chain_gpde": [
        0.9978742599487305,
        1.2673709392547607
    ],
    "chain_pair_gpde": [
        [
            0.0,
            5.397307395935059
        ],
        [
            5.397307395935059,
            0.0
        ]
    ],
    "chain_ptm": [
        0.5320449471473694,
        0.3637758195400238
    ],
    "chain_iptm": [
        0.2031792253255844,
        0.2031792253255844
    ],
    "chain_pair_iptm": [
        [
            0.0,
            0.2031792253255844
        ],
        [
            0.2031792253255844,
            0.0
        ]
    ],
    "chain_pair_iptm_global": [
        [
            0.0,
            0.2031792253255844
        ],
        [
            0.2031792253255844,
            0.0
        ]
    ],
    "chain_plddt": [
        0.5715373158454895,
        0.4792030155658722
    ],
    "chain_pair_plddt": [
        [
            0.0,
            0.5251392722129822
        ],
        [
            0.5251392722129822,
            0.0
        ]
    ],
    "has_clash": false,
    "disorder": 0.0,
    "ranking_score": 0.2468208372592926,
    "num_recycles": 4
}