{
    "plddt": 52.02157974243164,
    "gpde": 2.298251152038574,
    "ptm": 0.27185606956481934,
    "iptm": 0.05765940621495247,
    "chain_gpde": [
        1.5086443424224854,
        2.1143991947174072
    ],
    "chain_pair_gpde": [
        [
            0.0,
            8.074368476867676
        ],
        [
            8.074368476867676,
            0.0
        ]
    ],
    "chain_ptm": [
        0.3678860366344452,
        0.3475883901119232
    ],
    "chain_iptm": [
        0.05765940621495247,
        0.05765940621495247
    ],
    "chain_pair_iptm": [
        [
            0.0,
            0.05765940621495247
        ],
        [
            0.05765940621495247,
            0.0
        ]
    ],
    "chain_pair_iptm_global": [
        [
            0.0,
            0.05765940621495247
        ],
        [
            0.05765940621495247,
            0.0
        ]
    ],
    "chain_plddt": [
        0.5590761303901672,
        0.12364184856414795
    ],
    "chain_pair_plddt": [
        [
            0.0,
            0.5202158093452454
        ],
        [
            0.5202158093452454,
            0.0
        ]
    ],
    "has_clash": false,
    "disorder": 0.0,
    "ranking_score": 0.1004987359046936,
    "num_recycles": 4
}