{
    "plddt": 83.07530212402344,
    "gpde": 0.4242342412471771,
    "ptm": 0.5803186297416687,
    "iptm": 0.0,
    "chain_gpde": [
        0.4242342412471771
    ],
    "chain_pair_gpde": [
        [
            0.0
        ]
    ],
    "chain_ptm": [
        0.5803186297416687
    ],
    "chain_iptm": [
        0.0
    ],
    "chain_pair_iptm": [
        [
            0.0
        ]
    ],
    "chain_pair_iptm_global": [
        [
            0.0
        ]
    ],
    "chain_plddt": [
        0.8307530283927917
    ],
    "chain_pair_plddt": [
        [
            0.0
        ]
    ],
    "has_clash": false,
    "disorder": 0.0,
    "ranking_score": 0.11606372892856598,
    "num_recycles": 4
}