{
    "plddt": 54.6856575012207,
    "gpde": 1.4194008111953735,
    "ptm": 0.322368323802948,
    "iptm": 0.0,
    "chain_gpde": [
        1.4194008111953735
    ],
    "chain_pair_gpde": [
        [
            0.0
        ]
    ],
    "chain_ptm": [
        0.322368323802948
    ],
    "chain_iptm": [
        0.0
    ],
    "chain_pair_iptm": [
        [
            0.0
        ]
    ],
    "chain_pair_iptm_global": [
        [
            0.0
        ]
    ],
    "chain_plddt": [
        0.5468565821647644
    ],
    "chain_pair_plddt": [
        [
            0.0
        ]
    ],
    "has_clash": false,
    "disorder": 0.0,
    "ranking_score": 0.06447366625070572,
    "num_recycles": 4
}