{
    "plddt": 46.06343460083008,
    "gpde": 3.166141986846924,
    "ptm": 0.26781535148620605,
    "iptm": 0.13158336281776428,
    "chain_gpde": [
        3.3311543464660645,
        0.38148176670074463,
        0.3637460172176361
    ],
    "chain_pair_gpde": [
        [
            0.0,
            11.474475860595703,
            11.705451011657715
        ],
        [
            11.474475860595703,
            0.0,
            0.5583246946334839
        ],
        [
            11.705451011657715,
            0.5583246946334839,
            0.0
        ]
    ],
    "chain_ptm": [
        0.29418686032295227,
        0.10575199127197266,
        0.10425231605768204
    ],
    "chain_iptm": [
        0.07847633212804794,
        0.19447000324726105,
        0.19342905282974243
    ],
    "chain_pair_iptm": [
        [
            0.0,
            0.07951728254556656,
            0.07743538171052933
        ],
        [
            0.07951728254556656,
            0.0,
            0.30942273139953613
        ],
        [
            0.07743538171052933,
            0.30942273139953613,
            0.0
        ]
    ],
    "chain_pair_iptm_global": [
        [
            0.0,
            0.1364731639623642,
            0.13595269620418549
        ],
        [
            0.1364731639623642,
            0.0,
            0.19394952058792114
        ],
        [
            0.13595269620418549,
            0.19394952058792114,
            0.0
        ]
    ],
    "chain_plddt": [
        0.35971835255622864,
        0.6551944017410278,
        0.6557127833366394
    ],
    "chain_pair_plddt": [
        [
            0.0,
            0.4211178123950958,
            0.4199925661087036
        ],
        [
            0.4211178123950958,
            0.0,
            0.6554503440856934
        ],
        [
            0.4199925661087036,
            0.6554503440856934,
            0.0
        ]
    ],
    "has_clash": false,
    "disorder": 0.0,
    "ranking_score": 0.15882976353168488,
    "num_recycles": 4
}