{
    "plddt": 42.70526885986328,
    "gpde": 5.546095371246338,
    "ptm": 0.2108999341726303,
    "iptm": 0.15586355328559875,
    "chain_gpde": [
        3.454038381576538,
        3.369811534881592,
        0.44776982069015503,
        0.4586664140224457,
        0.37888386845588684,
        0.3957066535949707,
        0.47537627816200256,
        0.41770634055137634
    ],
    "chain_pair_gpde": [
        [
            0.0,
            17.630035400390625,
            14.620340347290039,
            14.660618782043457,
            15.72294807434082,
            15.797761917114258,
            13.882596969604492,
            19.169580459594727
        ],
        [
            17.630035400390625,
            0.0,
            14.687542915344238,
            14.900765419006348,
            15.427732467651367,
            15.787430763244629,
            18.692176818847656,
            14.782155990600586
        ],
        [
            14.620340347290039,
            14.687542915344238,
            0.0,
            5.6827521324157715,
            0.9453734755516052,
            7.312291622161865,
            13.384613990783691,
            13.793731689453125
        ],
        [
            14.660618782043457,
            14.900765419006348,
            5.6827521324157715,
            0.0,
            7.243170261383057,
            1.1478246450424194,
            13.62468433380127,
            15.31675910949707
        ],
        [
            15.72294807434082,
            15.427732467651367,
            0.9453734755516052,
            7.243170261383057,
            0.0,
            6.226898193359375,
            14.775945663452148,
            14.844221115112305
        ],
        [
            15.797761917114258,
            15.787430763244629,
            7.312291622161865,
            1.1478246450424194,
            6.226898193359375,
            0.0,
            14.900382041931152,
            17.531095504760742
        ],
        [
            13.882596969604492,
            18.692176818847656,
            13.384613990783691,
            13.62468433380127,
            14.775945663452148,
            14.900382041931152,
            0.0,
            23.271032333374023
        ],
        [
            19.169580459594727,
            14.782155990600586,
            13.793731689453125,
            15.31675910949707,
            14.844221115112305,
            17.531095504760742,
            23.271032333374023,
            0.0
        ]
    ],
    "chain_ptm": [
        0.26950252056121826,
        0.2932887375354767,
        0.03858824074268341,
        0.038052741438150406,
        0.05107482522726059,
        0.04914657026529312,
        0.5691145062446594,
        0.5797589421272278
    ],
    "chain_iptm": [
        0.08980704098939896,
        0.08632484823465347,
        0.11301388591527939,
        0.11101239919662476,
        0.09067443758249283,
        0.08761077374219894,
        0.039441756904125214,
        0.0360967293381691
    ],
    "chain_pair_iptm": [
        [
            0.0,
            0.07933702319860458,
            0.0887073501944542,
            0.06841839104890823,
            0.09629391133785248,
            0.061803411692380905,
            0.18695217370986938,
            0.04713691771030426
        ],
        [
            0.07933702319860458,
            0.0,
            0.06997882574796677,
            0.085849829018116,
            0.06338750571012497,
            0.09021278470754623,
            0.051328010857105255,
            0.16417992115020752
        ],
        [
            0.0887073501944542,
            0.06997882574796677,
            0.0,
            0.17873738706111908,
            0.334573894739151,
            0.09992436319589615,
            0.01020553894340992,
            0.008969823829829693
        ],
        [
            0.06841839104890823,
            0.085849829018116,
            0.17873738706111908,
            0.0,
            0.10173071175813675,
            0.3218555450439453,
            0.00851737055927515,
            0.011977431364357471
        ],
        [
            0.09629391133785248,
            0.06338750571012497,
            0.334573894739151,
            0.10173071175813675,
            0.0,
            0.02466130629181862,
            0.007729566656053066,
            0.006344182882457972
        ],
        [
            0.061803411692380905,
            0.09021278470754623,
            0.09992436319589615,
            0.3218555450439453,
            0.02466130629181862,
            0.0,
            0.006054391153156757,
            0.008763567544519901
        ],
        [
            0.18695217370986938,
            0.051328010857105255,
            0.01020553894340992,
            0.00851737055927515,
            0.007729566656053066,
            0.006054391153156757,
            0.0,
            0.005305248312652111
        ],
        [
            0.04713691771030426,
            0.16417992115020752,
            0.008969823829829693,
            0.011977431364357471,
            0.006344182882457972,
            0.008763567544519901,
            0.005305248312652111,
            0.0
        ]
    ],
    "chain_pair_iptm_global": [
        [
            0.0,
            0.08806594461202621,
            0.10141046345233917,
            0.10040971636772156,
            0.09024073928594589,
            0.08870890736579895,
            0.039441756904125214,
            0.0360967293381691
        ],
        [
            0.08806594461202621,
            0.0,
            0.09966936707496643,
            0.09866861999034882,
            0.08849964290857315,
            0.08696781098842621,
            0.039441756904125214,
            0.0360967293381691
        ],
        [
            0.10141046345233917,
            0.09966936707496643,
            0.0,
            0.11201314628124237,
            0.10184416174888611,
            0.10031232982873917,
            0.039441756904125214,
            0.0360967293381691
        ],
        [
            0.10040971636772156,
            0.09866861999034882,
            0.11201314628124237,
            0.0,
            0.1008434146642685,
            0.09931159019470215,
            0.039441756904125214,
            0.0360967293381691
        ],
        [
            0.09024073928594589,
            0.08849964290857315,
            0.10184416174888611,
            0.1008434146642685,
            0.0,
            0.08914260566234589,
            0.039441756904125214,
            0.0360967293381691
        ],
        [
            0.08870890736579895,
            0.08696781098842621,
            0.10031232982873917,
            0.09931159019470215,
            0.08914260566234589,
            0.0,
            0.039441756904125214,
            0.0360967293381691
        ],
        [
            0.039441756904125214,
            0.039441756904125214,
            0.039441756904125214,
            0.039441756904125214,
            0.039441756904125214,
            0.039441756904125214,
            0.0,
            0.039441756904125214
        ],
        [
            0.0360967293381691,
            0.0360967293381691,
            0.0360967293381691,
            0.0360967293381691,
            0.0360967293381691,
            0.0360967293381691,
            0.0360967293381691,
            0.0
        ]
    ],
    "chain_plddt": [
        0.3495998978614807,
        0.35971367359161377,
        0.6326916217803955,
        0.6393671631813049,
        0.6418056488037109,
        0.6453052163124084,
        0.15816940367221832,
        0.1600334644317627
    ],