{
    "plddt": 76.3963623046875,
    "gpde": 1.3260923624038696,
    "ptm": 0.6848620772361755,
    "iptm": 0.0,
    "chain_gpde": [
        1.3260923624038696
    ],
    "chain_pair_gpde": [
        [
            0.0
        ]
    ],
    "chain_ptm": [
        0.6848620772361755
    ],
    "chain_iptm": [
        0.0
    ],
    "chain_pair_iptm": [
        [
            0.0
        ]
    ],
    "chain_pair_iptm_global": [
        [
            0.0
        ]
    ],
    "chain_plddt": [
        0.7639636397361755
    ],
    "chain_pair_plddt": [
        [
            0.0
        ]
    ],
    "has_clash": false,
    "disorder": 0.0,
    "ranking_score": 0.13697241246700287,
    "num_recycles": 4
}