{
    "plddt": 56.03115463256836,
    "gpde": 1.8112907409667969,
    "ptm": 0.3419877588748932,
    "iptm": 0.06489446014165878,
    "chain_gpde": [
        1.559632658958435,
        0.27633658051490784,
        0.2793443202972412,
        0.2732836604118347
    ],
    "chain_pair_gpde": [
        [
            0.0,
            7.24162483215332,
            8.518880844116211,
            6.988132953643799
        ],
        [
            7.24162483215332,
            0.0,
            13.046579360961914,
            6.370589256286621
        ],
        [
            8.518880844116211,
            13.046579360961914,
            0.0,
            7.134472370147705
        ],
        [
            6.988132953643799,
            6.370589256286621,
            7.134472370147705,
            0.0
        ]
    ],
    "chain_ptm": [
        0.35166195034980774,
        0.0,
        0.0,
        0.0
    ],
    "chain_iptm": [
        0.08511124551296234,
        0.045817140489816666,
        0.05364612489938736,
        0.1558704674243927
    ],
    "chain_pair_iptm": [
        [
            0.0,
            0.045817140489816666,
            0.05364612489938736,
            0.1558704674243927
        ],
        [
            0.045817140489816666,
            0.0,
            0.0,
            0.0
        ],
        [
            0.05364612489938736,
            0.0,
            0.0,
            0.0
        ],
        [
            0.1558704674243927,
            0.0,
            0.0,
            0.0
        ]
    ],
    "chain_pair_iptm_global": [
        [
            0.0,
            0.045817140489816666,
            0.05364612489938736,
            0.1558704674243927
        ],
        [
            0.045817140489816666,
            0.0,
            0.045817140489816666,
            0.045817140489816666
        ],
        [
            0.05364612489938736,
            0.05364612489938736,
            0.0,
            0.05364612489938736
        ],
        [
            0.1558704674243927,
            0.1558704674243927,
            0.1558704674243927,
            0.0
        ]
    ],
    "chain_plddt": [
        0.5628048777580261,
        0.239063560962677,
        0.16909578442573547,
        0.280416339635849
    ],
    "chain_pair_plddt": [
        [
            0.0,
            0.5619935393333435,
            0.5618181228637695,
            0.5620971322059631
        ],
        [
            0.5619935393333435,
            0.0,
            0.20407967269420624,
            0.2597399353981018
        ],
        [
            0.5618181228637695,
            0.20407967269420624,
            0.0,
            0.22475606203079224
        ],
        [
            0.5620971322059631,
            0.2597399353981018,
            0.22475606203079224,
            0.0
        ]
    ],
    "has_clash": false,
    "disorder": 0.0,
    "ranking_score": 0.1203131228685379,
    "num_recycles": 4
}