{
    "plddt": 67.24199676513672,
    "gpde": 1.125813364982605,
    "ptm": 0.6350040435791016,
    "iptm": 0.608008086681366,
    "chain_gpde": [
        1.2911946773529053,
        0.44637325406074524
    ],
    "chain_pair_gpde": [
        [
            0.0,
            2.4726879596710205
        ],
        [
            2.4726879596710205,
            0.0
        ]
    ],
    "chain_ptm": [
        0.6014032959938049,
        0.6478508710861206
    ],
    "chain_iptm": [
        0.608008086681366,
        0.608008086681366
    ],
    "chain_pair_iptm": [
        [
            0.0,
            0.608008086681366
        ],
        [
            0.608008086681366,
            0.0
        ]
    ],
    "chain_pair_iptm_global": [
        [
            0.0,
            0.608008086681366
        ],
        [
            0.608008086681366,
            0.0
        ]
    ],
    "chain_plddt": [
        0.6764488220214844,
        0.5950921177864075
    ],
    "chain_pair_plddt": [
        [
            0.0,
            0.6724199652671814
        ],
        [
            0.6724199652671814,
            0.0
        ]
    ],
    "has_clash": false,
    "disorder": 0.0,
    "ranking_score": 0.6134072542190552,
    "num_recycles": 10
}