{
    "plddt": 54.685646057128906,
    "gpde": 1.4194003343582153,
    "ptm": 0.3223683834075928,
    "iptm": 0.0,
    "chain_gpde": [
        1.4194003343582153
    ],
    "chain_pair_gpde": [
        [
            0.0
        ]
    ],
    "chain_ptm": [
        0.3223683834075928
    ],
    "chain_iptm": [
        0.0
    ],
    "chain_pair_iptm": [
        [
            0.0
        ]
    ],
    "chain_pair_iptm_global": [
        [
            0.0
        ]
    ],
    "chain_plddt": [
        0.5468564629554749
    ],
    "chain_pair_plddt": [
        [
            0.0
        ]
    ],
    "has_clash": false,
    "disorder": 0.0,
    "ranking_score": 0.06447368115186691,
    "num_recycles": 4
}