{
    "plddt": 52.55481719970703,
    "gpde": 1.5619326829910278,
    "ptm": 0.30913615226745605,
    "iptm": 0.0,
    "chain_gpde": [
        1.5619326829910278
    ],
    "chain_pair_gpde": [
        [
            0.0
        ]
    ],
    "chain_ptm": [
        0.30913615226745605
    ],
    "chain_iptm": [
        0.0
    ],
    "chain_pair_iptm": [
        [
            0.0
        ]
    ],
    "chain_pair_iptm_global": [
        [
            0.0
        ]
    ],
    "chain_plddt": [
        0.5255481600761414
    ],
    "chain_pair_plddt": [
        [
            0.0
        ]
    ],
    "has_clash": false,
    "disorder": 0.0,
    "ranking_score": 0.06182723119854927,
    "num_recycles": 4
}