{
    "plddt": 56.59239196777344,
    "gpde": 1.7783406972885132,
    "ptm": 0.29953885078430176,
    "iptm": 0.0,
    "chain_gpde": [
        1.7783406972885132
    ],
    "chain_pair_gpde": [
        [
            0.0
        ]
    ],
    "chain_ptm": [
        0.29953885078430176
    ],
    "chain_iptm": [
        0.0
    ],
    "chain_pair_iptm": [
        [
            0.0
        ]
    ],
    "chain_pair_iptm_global": [
        [
            0.0
        ]
    ],
    "chain_plddt": [
        0.5659239292144775
    ],
    "chain_pair_plddt": [
        [
            0.0
        ]
    ],
    "has_clash": false,
    "disorder": 0.0,
    "ranking_score": 0.05990777164697647,
    "num_recycles": 10
}