{
    "plddt": 53.73461151123047,
    "gpde": 1.8831068277359009,
    "ptm": 0.3845980763435364,
    "iptm": 0.21631719172000885,
    "chain_gpde": [
        1.247729778289795,
        1.262641429901123
    ],
    "chain_pair_gpde": [
        [
            0.0,
            5.538938522338867
        ],
        [
            5.538938522338867,
            0.0
        ]
    ],
    "chain_ptm": [
        0.45730191469192505,
        0.4552866518497467
    ],
    "chain_iptm": [
        0.21631719172000885,
        0.21631719172000885
    ],
    "chain_pair_iptm": [
        [
            0.0,
            0.21631719172000885
        ],
        [
            0.21631719172000885,
            0.0
        ]
    ],
    "chain_pair_iptm_global": [
        [
            0.0,
            0.21631719172000885
        ],
        [
            0.21631719172000885,
            0.0
        ]
    ],
    "chain_plddt": [
        0.5381097197532654,
        0.5365825295448303
    ],
    "chain_pair_plddt": [
        [
            0.0,
            0.5373461246490479
        ],
        [
            0.5373461246490479,
            0.0
        ]
    ],
    "has_clash": false,
    "disorder": 0.0,
    "ranking_score": 0.2499733716249466,
    "num_recycles": 4
}