{
    "plddt": 57.24474334716797,
    "gpde": 0.9608823657035828,
    "ptm": 0.37542641162872314,
    "iptm": 0.31844180822372437,
    "chain_gpde": [
        1.0139565467834473,
        0.40044423937797546,
        0.4670245349407196
    ],
    "chain_pair_gpde": [
        [
            0.0,
            8.371187210083008,
            7.243483543395996
        ],
        [
            8.371187210083008,
            0.0,
            0.7405096888542175
        ],
        [
            7.243483543395996,
            0.7405096888542175,
            0.0
        ]
    ],
    "chain_ptm": [
        0.5229886174201965,
        0.623489499092102,
        0.04906327649950981
    ],
    "chain_iptm": [
        0.08072659373283386,
        0.2886691391468048,
        0.2862262725830078
    ],
    "chain_pair_iptm": [
        [
            0.0,
            0.08316943794488907,
            0.07828375697135925
        ],
        [
            0.08316943794488907,
            0.0,
            0.49416881799697876
        ],
        [
            0.07828375697135925,
            0.49416881799697876,
            0.0
        ]
    ],
    "chain_pair_iptm_global": [
        [
            0.0,
            0.18469786643981934,
            0.18347643315792084
        ],
        [
            0.18469786643981934,
            0.0,
            0.2874476909637451
        ],
        [
            0.18347643315792084,
            0.2874476909637451,
            0.0
        ]
    ],
    "chain_plddt": [
        0.48812052607536316,
        0.6265232563018799,
        0.6347476840019226
    ],
    "chain_pair_plddt": [
        [
            0.0,
            0.5464588403701782,
            0.5495540499687195
        ],
        [
            0.5464588403701782,
            0.0,
            0.6306140422821045
        ],
        [
            0.5495540499687195,
            0.6306140422821045,
            0.0
        ]
    ],
    "has_clash": false,
    "disorder": 0.0,
    "ranking_score": 0.32983872294425964,
    "num_recycles": 4
}