{
    "plddt": 49.06924057006836,
    "gpde": 1.6031055450439453,
    "ptm": 0.3109007179737091,
    "iptm": 0.07592545449733734,
    "chain_gpde": [
        1.4177167415618896,
        0.8514713644981384
    ],
    "chain_pair_gpde": [
        [
            0.0,
            6.039653301239014
        ],
        [
            6.039653301239014,
            0.0
        ]
    ],
    "chain_ptm": [
        0.3535986542701721,
        0.08529151976108551
    ],
    "chain_iptm": [
        0.07592545449733734,
        0.07592545449733734
    ],
    "chain_pair_iptm": [
        [
            0.0,
            0.07592545449733734
        ],
        [
            0.07592545449733734,
            0.0
        ]
    ],
    "chain_pair_iptm_global": [
        [
            0.0,
            0.07592545449733734
        ],
        [
            0.07592545449733734,
            0.0
        ]
    ],
    "chain_plddt": [
        0.4199751615524292,
        0.5732303857803345
    ],
    "chain_pair_plddt": [
        [
            0.0,
            0.4906924068927765
        ],
        [
            0.4906924068927765,
            0.0
        ]
    ],
    "has_clash": false,
    "disorder": 0.0,
    "ranking_score": 0.12292050570249557,
    "num_recycles": 4
}