{
    "plddt": 54.47096252441406,
    "gpde": 1.4235998392105103,
    "ptm": 0.3098596930503845,
    "iptm": 0.12819449603557587,
    "chain_gpde": [
        1.4665733575820923,
        0.7035980820655823
    ],
    "chain_pair_gpde": [
        [
            0.0,
            6.405608177185059
        ],
        [
            6.405608177185059,
            0.0
        ]
    ],
    "chain_ptm": [
        0.3592384457588196,
        0.5205570459365845
    ],
    "chain_iptm": [
        0.12819449603557587,
        0.12819449603557587
    ],
    "chain_pair_iptm": [
        [
            0.0,
            0.12819449603557587
        ],
        [
            0.12819449603557587,
            0.0
        ]
    ],
    "chain_pair_iptm_global": [
        [
            0.0,
            0.12819449603557587
        ],
        [
            0.12819449603557587,
            0.0
        ]
    ],
    "chain_plddt": [
        0.5667382478713989,
        0.2618902027606964
    ],
    "chain_pair_plddt": [
        [
            0.0,
            0.5447096228599548
        ],
        [
            0.5447096228599548,
            0.0
        ]
    ],
    "has_clash": false,
    "disorder": 0.0,
    "ranking_score": 0.1645275354385376,
    "num_recycles": 4
}