{
    "plddt": 53.441585540771484,
    "gpde": 1.7761565446853638,
    "ptm": 0.31062421202659607,
    "iptm": 0.0,
    "chain_gpde": [
        1.7761565446853638
    ],
    "chain_pair_gpde": [
        [
            0.0
        ]
    ],
    "chain_ptm": [
        0.31062421202659607
    ],
    "chain_iptm": [
        0.0
    ],
    "chain_pair_iptm": [
        [
            0.0
        ]
    ],
    "chain_pair_iptm_global": [
        [
            0.0
        ]
    ],
    "chain_plddt": [
        0.5344158411026001
    ],
    "chain_pair_plddt": [
        [
            0.0
        ]
    ],
    "has_clash": false,
    "disorder": 0.0,
    "ranking_score": 0.06212484464049339,
    "num_recycles": 4
}