{
    "plddt": 76.3812484741211,
    "gpde": 3.5243442058563232,
    "ptm": 0.24665914475917816,
    "iptm": 0.14831218123435974,
    "chain_gpde": [
        2.758455753326416,
        1.9205162525177002
    ],
    "chain_pair_gpde": [
        [
            0.0,
            6.7461090087890625
        ],
        [
            6.7461090087890625,
            0.0
        ]
    ],
    "chain_ptm": [
        0.21134863793849945,
        0.300552636384964
    ],
    "chain_iptm": [
        0.14831218123435974,
        0.14831218123435974
    ],
    "chain_pair_iptm": [
        [
            0.0,
            0.14831218123435974
        ],
        [
            0.14831218123435974,
            0.0
        ]
    ],
    "chain_pair_iptm_global": [
        [
            0.0,
            0.14831218123435974
        ],
        [
            0.14831218123435974,
            0.0
        ]
    ],
    "chain_plddt": [
        0.7614035606384277,
        0.7677440643310547
    ],
    "chain_pair_plddt": [
        [
            0.0,
            0.7638124823570251
        ],
        [
            0.7638124823570251,
            0.0
        ]
    ],
    "has_clash": false,
    "disorder": 0.0,
    "ranking_score": 0.1679815649986267,
    "num_recycles": 10
}