{
    "plddt": 54.7703971862793,
    "gpde": 1.0823341608047485,
    "ptm": 0.34864768385887146,
    "iptm": 0.35853323340415955,
    "chain_gpde": [
        1.4757750034332275,
        0.6312612891197205
    ],
    "chain_pair_gpde": [
        [
            0.0,
            2.0547373294830322
        ],
        [
            2.0547373294830322,
            0.0
        ]
    ],
    "chain_ptm": [
        0.36132141947746277,
        0.5352294445037842
    ],
    "chain_iptm": [
        0.35853323340415955,
        0.35853323340415955
    ],
    "chain_pair_iptm": [
        [
            0.0,
            0.35853323340415955
        ],
        [
            0.35853323340415955,
            0.0
        ]
    ],
    "chain_pair_iptm_global": [
        [
            0.0,
            0.35853323340415955
        ],
        [
            0.35853323340415955,
            0.0
        ]
    ],
    "chain_plddt": [
        0.55400550365448,
        0.46802011132240295
    ],
    "chain_pair_plddt": [
        [
            0.0,
            0.5477039813995361
        ],
        [
            0.5477039813995361,
            0.0
        ]
    ],
    "has_clash": false,
    "disorder": 0.0,
    "ranking_score": 0.35655611753463745,
    "num_recycles": 4
}